plant_name,unit_type,ownership,fuel_raw,cod,retirement_date,tenure_years,capacity_mw,source_doc,source_fy
Ashuganj 150 MW ST3,ST,public,Gas,1986-12-17,2021-12-17,35.0,150.0,BPDB 2020-21.pdf,FY2020-21
Ashuganj 150 MW ST4,ST,public,Gas,1987-05-04,2022-04-05,34.92,150.0,BPDB 2020-21.pdf,FY2020-21
Ghorasal 210 MW STunit4,ST,public,Gas,1989-03-18,2022-06-30,33.28,210.0,BPDB 2020-21.pdf,FY2020-21
Sylhet 20 MW PP,CT,public,Gas,1986-12-13,2022-06-30,35.55,20.0,BPDB 2020-21.pdf,FY2020-21
Haripur 32 MW GT1,CT,public,Gas,1987-10-31,2022-06-30,34.66,32.0,BPDB 2020-21.pdf,FY2020-21
Fenchuganj 91 MW CCPP (1st Unit),CC,public,Gas,1994-12-24,2022-06-30,27.52,97.0,BPDB 2020-21.pdf,FY2020-21
Siddirganj 100 MW Q.Rental PP,RE,private,HFO,2011-07-21,2021-07-20,10.0,100.0,BPDB 2020-21.pdf,FY2020-21
"Amnura, Chapainawabgonj Q.RPP",RE,private,HFO,2012-01-13,2022-01-12,10.0,50.0,BPDB 2020-21.pdf,FY2020-21
Bhola 80 MW Q. Rental PP,RE,private,Gas,2011-05-31,2022-03-17,10.8,95.0,BPDB 2020-21.pdf,FY2020-21
"Julda, 100 MW Q.RPP",RE,private,HFO,2012-03-26,2022-03-25,10.0,100.0,BPDB 2020-21.pdf,FY2020-21
Keranigonj 100 MW Q.Rental PP,RE,private,HFO,2012-03-27,2022-03-26,10.0,100.0,BPDB 2020-21.pdf,FY2020-21
Katakhali 50 MW Q. Rental PP( NPSL),RE,private,HFO,2012-05-22,2022-05-21,10.0,50.0,BPDB 2020-21.pdf,FY2020-21
Ashuganj 150 MW ST5,ST,public,GAS,1988-03-21,2023-03-21,35.0,150.0,BPDB 2020-21.pdf,FY2020-21
Rangpur 20 MW PP,CT,public,HSD,1988-08-16,2023-06-30,34.87,20.0,BPDB 2020-21.pdf,FY2020-21
Saidpur 20 MW PP,CT,public,HSD,1987-09-17,2023-06-30,35.78,20.0,BPDB 2020-21.pdf,FY2020-21
Bhola 3 Years RPP (Venture),CT,private,Gas,2009-07-12,2022-07-11,13.0,33.0,BPDB 2020-21.pdf,FY2020-21
Bogura 3 Years RPP (Energy Prima),RE,private,Gas,2011-11-13,2022-11-12,11.0,20.0,BPDB 2020-21.pdf,FY2020-21
Summit_Chandina_2nd Phase(REB),RE,private,Gas,2006-11-15,2022-11-14,16.0,14.0,BPDB 2020-21.pdf,FY2020-21
Summit_Ashulia_2nd Phase(REB),RE,private,Gas,2007-12-04,2022-12-03,15.0,34.0,BPDB 2020-21.pdf,FY2020-21
Summit_Madubdi_2nd Phase(REB),RE,private,Gas,2006-12-16,2022-12-15,16.0,24.0,BPDB 2020-21.pdf,FY2020-21
Ashuganj 55 MW 3 Yrs RPP (Precision Energy),RE,private,Gas,2010-04-07,2023-04-06,13.0,55.0,BPDB 2020-21.pdf,FY2020-21
Noapara 100 MW PP (Bangla Trac),RE,private,HSD,2018-04-18,2023-04-17,5.0,100.0,BPDB 2020-21.pdf,FY2020-21
Doudkandi 200 MW PP (Bangla Trac),RE,private,HSD,2018-04-27,2023-04-26,5.0,200.0,BPDB 2020-21.pdf,FY2020-21
Bramongao 100 MW PP (Aggreko),RE,private,HSD,2018-05-30,2023-05-29,5.0,100.0,BPDB 2020-21.pdf,FY2020-21
Bogura 15 Years RPP (GBB),RE,private,Gas,2008-06-17,2023-06-16,15.0,20.0,BPDB 2020-21.pdf,FY2020-21
Aorahati 100 MW PP (Aggreko),RE,private,HSD,2018-06-29,2023-06-28,5.0,100.0,BPDB 2020-21.pdf,FY2020-21
Shazibar 2x35 MW PP,CT,public,Gas,2000-10-25,2023-10-25,23.0,70.0,BPDB 2020-21.pdf,FY2020-21
Raozan 210 MW Unit-1,ST,public,Gas,1993-03-28,2024-06-30,31.26,210.0,BPDB 2020-21.pdf,FY2020-21
Raojan 210 MW Unit- 2,ST,public,Gas,1997-09-21,2024-06-30,26.77,210.0,BPDB 2020-21.pdf,FY2020-21
Baghabari 71 MW GT,CT,public,Gas,1991-06-04,2024-06-30,33.07,71.0,BPDB 2020-21.pdf,FY2020-21
Pangao 300 MW PP (APR),RE,private,HSD,2018-08-10,2023-08-09,5.0,300.0,BPDB 2020-21.pdf,FY2020-21
Summit_Chandina_1st Phase(REB),RE,private,Gas,2003-09-01,2023-08-31,20.0,11.0,BPDB 2020-21.pdf,FY2020-21
Summit_Madubdi_1st Phase(REB),RE,private,Gas,2003-09-01,2023-08-31,20.0,11.0,BPDB 2020-21.pdf,FY2020-21
Summit_Ashulia_1st Phase(REB),RE,private,Gas,2003-09-01,2023-08-31,20.0,11.0,BPDB 2020-21.pdf,FY2020-21
Tangail SIPP (Doreen),RE,private,Gas,2008-11-12,2023-11-11,15.0,22.0,BPDB 2020-21.pdf,FY2020-21
Haripur 360 CCPP,CC,private,Gas,2001-12-01,2023-11-30,22.0,360.0,BPDB 2020-21.pdf,FY2020-21
Narsindi SIPP (REB),RE,private,Gas,2008-12-21,2023-12-20,15.0,22.0,BPDB 2020-21.pdf,FY2020-21
Hobiganj SIPP ( REB),RE,private,Gas,2009-01-10,2024-01-09,15.0,11.0,BPDB 2020-21.pdf,FY2020-21
Shahjibazar 86 MW PP (15 Yrs RPP),RE,private,Gas,2009-02-10,2024-02-09,15.0,86.0,BPDB 2020-21.pdf,FY2020-21
Feni SIPP (Doreen),RE,private,Gas,2009-02-16,2024-02-15,15.0,22.0,BPDB 2020-21.pdf,FY2020-21
Baghabari 200 MW PP (Paramount),RE,private,HSD,2019-02-16,2024-02-15,5.0,200.0,BPDB 2020-21.pdf,FY2020-21
Ullapara SIPP ( REB),RE,private,Gas,2009-03-02,2024-03-01,15.0,11.0,BPDB 2020-21.pdf,FY2020-21
Kumkargoan 50 MW PP (15 Years RPP),RE,private,Gas,2009-03-18,2024-03-17,15.0,10.0,BPDB 2020-21.pdf,FY2020-21
Feni SIPP (REB),RE,private,Gas,2009-04-25,2024-04-24,15.0,11.0,BPDB 2020-21.pdf,FY2020-21
"Mouna, Gazipur SIPP (REB)",RE,private,Gas,2009-05-12,2024-05-11,15.0,33.0,BPDB 2020-21.pdf,FY2020-21
Barobkundo SIPP (Regent Power),RE,private,Gas,2009-05-23,2024-05-22,15.0,22.0,BPDB 2020-21.pdf,FY2020-21
"Rupganj , Narayanganj SIPP ( REB)",RE,private,Gas,2009-06-09,2024-06-08,15.0,33.0,BPDB 2020-21.pdf,FY2020-21
"Jangalia, Cumilla SIPP (Summit)",RE,private,Gas,2009-06-25,2024-06-24,15.0,33.0,BPDB 2020-21.pdf,FY2020-21
Tongi 105 MW PP,CT,public,Gas,2005-03-28,2025-03-27,20.0,105.0,BPDB 2020-21.pdf,FY2020-21
Bheramara 20 MW PP GT3,CT,public,HSD,1980-01-19,2025-06-30,45.45,20.0,BPDB 2020-21.pdf,FY2020-21
Fenchuganj 15 Years RPP (Barakatullah),RE,private,Gas,2009-10-24,2024-10-23,15.0,51.0,BPDB 2020-21.pdf,FY2020-21
